{"cameraMode":{"drawMode":0,"name":"Shaded","section":"Shading Mode"},"sceneLighting":true,"audioPlay":false,"sceneViewState":{"m_AlwaysRefresh":false,"showFog":true,"showSkybox":true,"showFlares":true,"showImageEffects":true,"showParticleSystems":true,"showVisualEffectGraphs":true,"m_FxEnabled":true},"in2DMode":false,"pivot":{"x":-4.671539306640625,"y":2.5169973373413088,"z":3.945492744445801},"rotation":{"x":-0.02550317347049713,"y":0.8032218813896179,"z":-0.034480173140764239,"w":-0.5941542387008667},"size":2.6373202800750734,"orthographic":false}