{"cameraMode":{"drawMode":0,"name":"Shaded","section":"Shading Mode"},"sceneLighting":false,"audioPlay":false,"sceneViewState":{"m_AlwaysRefresh":false,"showFog":false,"showSkybox":true,"showFlares":true,"showImageEffects":true,"showParticleSystems":true,"showVisualEffectGraphs":true,"m_FxEnabled":true},"in2DMode":false,"pivot":{"x":224.0395050048828,"y":145.4295654296875,"z":12.862712860107422},"rotation":{"x":0.008086706511676312,"y":0.05904330313205719,"z":0.00048494539805687964,"w":-0.9982401728630066},"size":141.4829864501953,"orthographic":false}